{"cameraMode":{"drawMode":0,"name":"Shaded","section":"Shading Mode"},"sceneLighting":true,"audioPlay":false,"sceneViewState":{"m_AlwaysRefresh":false,"showFog":true,"showSkybox":true,"showFlares":true,"showImageEffects":true,"showParticleSystems":true,"showVisualEffectGraphs":true,"m_FxEnabled":true},"in2DMode":false,"pivot":{"x":-0.1924712061882019,"y":0.7806702852249146,"z":-1.4263536930084229},"rotation":{"x":-0.06826917827129364,"y":0.9279764294624329,"z":-0.29868730902671816,"w":-0.21210163831710816},"size":0.9999968409538269,"orthographic":false}